三级品类,二级品类
A字裙,裙子
T恤,上衣
三角裤,日用
上衣,上衣
丝巾,配饰
丝袜,日用
两件套,套装
中筒袜,日用
中筒靴,鞋
九分裤,裤子
书包,包包
休闲裤,裤子
套袖,日用
袖套,日用
护袖,日用
休闲鞋,鞋
伞,日用
保暖内衣,日用
保暖裤,裤子
修身,其它
光泽裤,裤子
光腿神器,裤子
内衣,日用
内裤,日用
冬裙,裙子
凉帽,日用
凉鞋,鞋
包包,包包
化妆包,日用
半身裙,裙子
单肩包,包包
单鞋,鞋
配饰,链表
卫衣,上衣
发热袜,日用
发饰,日用
口罩,日用
吊带,日用
哈伦裤,裤子
四件套,家纺
围巾,配饰
围脖,配饰
堆堆袜,日用
塑身衣,日用
塑身裤,日用
外套,外套
外衣,外套
大衣,外套
太阳帽,日用
太阳镜,配饰
夹克,外套
套头毛衣,上衣
套头衫,上衣
套装,套装
女包,包包
女裤,裤子
女靴,鞋
女鞋,鞋
子母包,包包
安全裤,日用
家居服,日用
小脚,裤子
小脚裤,裤子
小衫,上衣
尖头鞋,鞋
帆布鞋,鞋
帽,日用
帽子,日用
干发帽,日用
平底鞋,鞋
平角裤,日用
开衫,上衣
手套,日用
手拿包,包包
手提包,包包
手表,配饰
手链,配饰
打底,其它
小白鞋,鞋
跑鞋,鞋
包,包包
席子,日用
竹席,日用
枕,日用
胸衣,日用
泳衣,日用
七分裤,裤子
打底衫,上衣
打底裙,连衣裙
打底裤,裤子
护腰带,日用
凉席,日用
布鞋,鞋
短筒袜,日用
喇叭裤,裤子
半拖,日用
护膝,日用
半袖,上衣
直筒裤,裤子
耳套,日常
凉拖,日用
长裙,裙子
体恤,上衣
束发带,日用
披肩,配饰
抱枕,家纺
拖鞋,日用
收腹带,日用
收腹裤,日用
文胸,日用
斜挎包,包包
斜跨包,包包
旅行包,包包
旗袍,连衣裙
松糕鞋,鞋
松紧裤,裤子
板鞋,鞋
枕头,日用
棉外套,外套
棉服,外套
棉衣,外套
棉袄,外套
棉鞋,鞋
止鼾带,日用
毛毯,家纺
毛衣,上衣
洋气装,其它
浴巾,日用
浴帽,日用
牛仔裤,裤子
瘦腿袜,日用
百褶裙,裙子
皮衣,外套
皮裙,裙子
皮靴,鞋
皮鞋,鞋
盆帽,日用
睡衣,日用
睡袍,日用
短外套,外套
短袖,上衣
短裙,裙子
短裤,裤子
短靴,鞋
礼服,连衣裙
网纱衣,其它
美体衣,日用
美体裤,日用
羽绒服,外套
背包,包包
背心,日用
胸罩,日用
腰带,日用
船袜,日用
蕾丝衫,上衣
蚊帐,日用
衬衣,上衣
衬衫,上衣
袜子,日用
被套,家纺
裙,裙子
裙子,裙子
裤,裤子
裤头,日用
裤子,裤子
西装,外套
西装裤,裤子
豆豆鞋,鞋
贝雷帽,日用
运动套装,套装
运动鞋,鞋
连体裤,裤子
连衣,其它
连衣裙,连衣裙
连裤袜,日用
针织衫,上衣
钱包,包包
铅笔裤,裤子
链条包,包包
长袖,其它
长袜,日用
长裤,裤子
长靴,鞋
阔腿裤,裤子
防寒服,外套
防晒衣,日用
雪地靴,鞋
雪纺衫,上衣
靴,鞋
靴女,鞋
靴子,鞋
鞋,鞋
鞋女,鞋
鞋子,鞋
鞋帮,鞋
鞋底,鞋
风衣,外套
马丁靴,鞋
马甲,外套
高跟鞋,鞋
短袜,日用
T恤,上衣
女袜,日用
增高鞋,鞋
增高鞋,鞋
床裙,家纺
裹胸,日用
单鞋,鞋
上衣,上衣
大衣,外套
小包,包包
小包,包包
上衣,上衣
套头裙,连衣裙
空调被,家纺
空调被,家纺
裙裤,裤子
单肩,包包
t恤,上衣
手提,包包
空调被,家纺
外批,外套
雪纺裙,连衣裙
长裤,裤子
t恤,上衣
菩提,配饰
菩提,配饰
遮阳帽,日用
鸭舌帽,日用
鸭舌帽,日用
上衣,上衣
手链,配饰
外套,外套
睡裙,日用